Name,Created,Tags,Updated
Packling list,"December 22, 2015 6:57 PM",,"December 22, 2015 10:52 PM"
Packing DC,"April 28, 2016 10:01 PM",,"May 25, 2019 11:48 AM"
Packing - SF,"April 28, 2016 10:01 PM",,"December 16, 2019 1:12 AM"
Packing Marshall,"April 28, 2016 10:01 PM",,"May 12, 2022 10:37 PM"
Packing - Dalian,"April 28, 2016 10:01 PM",,"June 24, 2017 4:51 PM"
Packing - Gothenburg,"April 28, 2016 10:01 PM",,"April 1, 2019 9:14 PM"
Packing - moving out,"April 28, 2016 10:01 PM",,"November 12, 2018 8:25 PM"
Packing NYC/MVY,"April 28, 2016 10:01 PM",,"November 10, 2023 6:13 PM"
Packing UK - March 2022,"April 28, 2016 10:01 PM",,"June 21, 2024 6:31 PM"
Packing Yosemite 2023,"April 28, 2016 10:01 PM",,"October 31, 2023 9:41 PM"
Packing - Berlin,"April 28, 2016 10:01 PM",,"November 4, 2018 7:15 PM"